

<schema xmlns:xsi="http://www.w3.org/2001/XMLSchema-instance"
        xsi:noNamespaceSchemaLocation="urn:magento:framework:Setup/Declaration/Schema/etc/schema.xsd">



   <table name="unilever_socialmedia" resource="default" engine="innodb"
           comment="Unilever social media table">

    <column xsi:type="int" name="id" padding="10" unsigned="true" nullable="false" identity="true"
                comment="Id"/>

    <column xsi:type="varchar" name="type" nullable="false"  comment="Login type"/>

    <column xsi:type="int" name="token_id"  nullable="false"  comment="Token Id"/>

    <column xsi:type="text" name="password_fake_email"  nullable="false"  comment="Password Fake Email"/>
   

    <constraint xsi:type="primary" referenceId="PRIMARY">
        <column name="id"/>
    </constraint>
    <constraint xsi:type="foreign" referenceId="UNILEVER_SOCIALMEDIA_ID_CUSTOMER_ENTITY_ID" table="unilever_socialmedia"
                    column="id" referenceTable="customer_entity" referenceColumn="entity_id" onDelete="SET NULL"/>


    

    </table>
</schema>